{
  "val_timesteps": [
    2000,
    4000,
    6000,
    8000,
    10000,
    12000,
    14000,
    16000,
    18000,
    20000,
    20000
  ],
  "val_annual_costs": [
    1183184.8458904107,
    1183184.8458904107,
    1183184.8458904107,
    1453219.6746575343,
    1183184.8458904107,
    1183184.8458904107,
    1183184.8458904107,
    1183184.8458904107,
    1183184.8458904107,
    1183184.8458904107,
    1183184.8458904107
  ],
  "val_availabilities": [
    0.8077511734246597,
    0.8077511734246597,
    0.8077511734246597,
    0.7288813104109619,
    0.8077511734246597,
    0.8077511734246597,
    0.8077511734246597,
    0.8077511734246597,
    0.8077511734246597,
    0.8077511734246597,
    0.8077511734246597
  ],
  "val_values": [
    2422488265.753402,
    2422488265.753402,
    2422488265.753402,
    3211186895.8903804,
    2422488265.753402,
    2422488265.753402,
    2422488265.753402,
    2422488265.753402,
    2422488265.753402,
    2422488265.753402,
    2422488265.753402
  ],
  "spr_losses": [],
  "best_val_value": 2422488265.753402,
  "best_val_at": 2000
}