stage,policy_class,description,fleet_value,fleet_annual_cost,fleet_availability,fleet_deficit,feasible_printer_pct,infeasible_floor_breached,n_test_printers,annual_cost_lo,annual_cost_hi,fleet_value_lo,fleet_value_hi,fleet_availability_lo,fleet_availability_hi,stage_label,annual_cost_delta_vs_stage01,annual_cost_reduction_vs_stage01_pct,value_delta_vs_stage01,value_reduction_vs_stage01_pct
stage_01,constant τ,Optuna over constant τ,10500000000.0,4748685.940323022,0.0,0.95,0.0,True,15,4519059.20784287,4991110.212582124,10500000000.0,10500000000.0,0.0,0.0,Stage 01 - Optuna constant tau,0.0,0.0,0.0,0.0
stage_02,constant τ,SSL+RUL surrogate over constant τ,10500000000.0,4507037.68683274,0.0,0.95,0.0,True,15,4295753.40174172,4733947.066298249,10500000000.0,10500000000.0,0.0,0.0,Stage 02 - SSL/RUL surrogate tau,-241648.25349028222,0.050887394223810146,0.0,0.0
stage_03_per_tick,per-printer τ,"PPO + SPR + ensemble, per-day decisions",6099556680.962374,2755087.8490281967,0.4400443319037625,0.5099556680962374,0.0,True,15,2641167.860491377,2882011.140843143,5835721020.774402,6393721294.522006,0.4106278705477993,0.4664278979225598,Stage 03 - per-tick PPO+SPR ensemble,-1993598.0912948255,0.41982100234643316,-4400443319.037626,0.41908983990834536
