component,stage_01_tau_h,stage_02_tau_h,stage_03_per_printer_tau_mean_h,stage_03_per_printer_tau_min_h,stage_03_per_printer_tau_max_h
C1,926.7740505827582,2.080770216460065,99.94539767947978,99.55527356358054,100.1832680969521
C2,13947.132134612531,30.108912662777,499.9999999999999,499.99999999999983,499.99999999999983
C3,441.78499238852055,19.243375568601316,192.12212349913437,189.44965477400314,195.587934844267
C4,1900.4788159061447,82.96307868162094,100.00000000000003,100.00000000000004,100.00000000000004
C5,2792.7563117208083,23.52220990967777,760.3311482444427,758.5433715001045,762.1729426400273
C6,13468.464871267286,775.7036912161778,999.9999999999999,999.9999999999998,999.9999999999998
