component,stage_01_tau_h,stage_02_tau_h,stage_03_per_printer_tau_mean_h,stage_03_per_printer_tau_min_h,stage_03_per_printer_tau_max_h
C1,199.06996673933375,50.0401256648205,1161.7426944963552,1146.4684661911274,1195.9752955837382
C2,16675.211761940118,540.5696937855336,499.9999999999999,499.99999999999983,499.99999999999983
C3,221.58209626026718,473.87428737328895,499.9999999999999,499.99999999999983,499.99999999999983
C4,600.9974718380311,1836.2170607142916,1103.5162556934192,1097.3423296609972,1107.1211666075199
C5,770.6109342596955,2462.544206639712,1500.961929084282,1488.2794808448414,1505.6298527581607
C6,1595.7084694148352,19920.895587196745,19999.99999999998,19999.99999999998,19999.99999999998
