{
  "val_timesteps": [
    2000,
    4000,
    6000,
    8000,
    10000,
    12000,
    14000,
    16000,
    18000,
    20000,
    20000
  ],
  "val_annual_costs": [
    1948708.8184931509,
    1948708.8184931509,
    1948708.8184931509,
    1746470.3938356165,
    1746470.3938356165,
    1746470.3938356165,
    1746470.3938356165,
    1746470.3938356165,
    1746470.3938356165,
    1746470.3938356165,
    1746470.3938356165
  ],
  "val_availabilities": [
    0.7562214611872146,
    0.7562214611872146,
    0.7562214611872146,
    0.6773630136986302,
    0.6773630136986302,
    0.6773630136986302,
    0.6773630136986302,
    0.6773630136986302,
    0.6773630136986302,
    0.6773630136986302,
    0.6773630136986302
  ],
  "val_values": [
    2937785388.127854,
    2937785388.127854,
    2937785388.127854,
    3726369863.013698,
    3726369863.013698,
    3726369863.013698,
    3726369863.013698,
    3726369863.013698,
    3726369863.013698,
    3726369863.013698,
    3726369863.013698
  ],
  "spr_losses": [],
  "best_val_value": 2937785388.127854,
  "best_val_at": 2000
}