epoch,loss
0,0.32962224345425256
1,0.21228002974654603
2,0.19130224396085097
3,0.17984925523243922
4,0.17154455669726926
5,0.16572688616019138
6,0.16133957752759667
7,0.15706464733140937
8,0.1540015942376593
9,0.1506355105266757
10,0.14829647093117684
11,0.1460097210629769
12,0.14394084788646655
13,0.1419694831614373
14,0.14038766656947815
15,0.1390212149746057
16,0.1381290915577129
17,0.1371472254283782
18,0.1362983592781706
19,0.1363844554843395
