{
  "val_rewards": [
    -99.675070684369,
    -99.67258869080209,
    -99.54761547297502,
    -99.55387061000091,
    -99.54780448428991,
    -99.49368336177264,
    -99.48949640265229
  ],
  "val_annual_costs": [
    4675070.684369012,
    4672588.690802081,
    4649168.230221736,
    4659377.499315632,
    4657683.731179852,
    4644776.831371475,
    4636939.904188339
  ],
  "val_availabilities": [
    0.0,
    0.0,
    0.0010155275724670744,
    0.0010550688931471848,
    0.0010987924688992303,
    0.0015109346959880769,
    0.0014744350153602823
  ],
  "val_values": [
    10500000000.0,
    10500000000.0,
    10489844724.27533,
    10489449311.068527,
    10489012075.311007,
    10484890653.04012,
    10485255649.846397
  ],
  "val_timesteps": [
    320,
    640,
    960,
    1280,
    1600,
    1920,
    2000
  ],
  "train_returns": [],
  "best_val_value": 10484890653.04012,
  "best_val_at": 1920
}