{
  "val_rewards": [
    -94.9654412064057,
    -94.5632751936308,
    -94.45489518450589,
    -94.35583474650973,
    -94.202788342732,
    -94.12926690373207,
    -94.14809389387719
  ],
  "val_annual_costs": [
    3880488.123460171,
    3842786.6178483437,
    3837214.047358336,
    3827881.991513825,
    3816880.164248563,
    3813620.6104571586,
    3815338.3753079656
  ],
  "val_availabilities": [
    0.03915046917054474,
    0.042795114242175344,
    0.04382318862852446,
    0.044720472450041036,
    0.046140918215165576,
    0.046843537067250626,
    0.046672444814307844
  ],
  "val_values": [
    10108495308.294552,
    10072048857.578247,
    10061768113.714756,
    10052795275.499588,
    10038590817.848345,
    10031564629.327494,
    10033275551.85692
  ],
  "val_timesteps": [
    320,
    640,
    960,
    1280,
    1600,
    1920,
    2000
  ],
  "train_returns": [],
  "best_val_value": 10031564629.327494,
  "best_val_at": 1920
}